{"cameraMode":{"drawMode":0,"name":"Shaded","section":"Shading Mode"},"sceneLighting":true,"audioPlay":false,"sceneViewState":{"showFog":true,"showMaterialUpdate":false,"showSkybox":true,"showFlares":true,"showImageEffects":true,"showParticleSystems":true},"in2DMode":false,"pivot":{"x":2.0517311096191408,"y":-30.813453674316408,"z":8.000534057617188},"rotation":{"x":0.1558096557855606,"y":0.8405120372772217,"z":-0.3215619623661041,"w":0.4072619080543518},"size":86.88253784179688,"orthographic":false}